nama_file,kelas,tanggal,kondisi_cahaya
0218091108.jpg,botol,2026-10-02,terang
0218091144.jpg,botol,2026-10-02,terang
0218091233.jpg,botol,2026-10-02,terang
0218091249.jpg,botol,2026-10-02,terang
0218091318.jpg,botol,2026-10-02,terang
0218091403.jpg,botol,2026-10-02,terang
0218091558.jpg,botol,2026-10-02,terang
0218091647.jpg,botol,2026-10-02,terang
0218091658.jpg,botol,2026-10-02,terang
0218091738.jpg,botol,2026-10-02,terang
0218091749.jpg,botol,2026-10-02,terang
0218091807.jpg,botol,2026-10-02,terang
0218091859.jpg,botol,2026-10-02,terang
0218091924.jpg,botol,2026-10-02,terang
0218092103.jpg,botol,2026-10-02,terang
0218092247.jpg,botol,2026-10-02,terang
0218092403.jpg,botol,2026-10-02,terang
0218092416.jpg,botol,2026-10-02,terang
0218092432.jpg,botol,2026-10-02,terang
0218100256.jpg,botol,2026-10-02,terang
0218100307.jpg,botol,2026-10-02,terang
0218100330.jpg,botol,2026-10-02,terang
0218100346.jpg,botol,2026-10-02,terang
0218100412.jpg,botol,2026-10-02,terang
0218100535.jpg,botol,2026-10-02,terang
0218100546.jpg,botol,2026-10-02,terang
0218100609.jpg,botol,2026-10-02,terang
0218100658.jpg,botol,2026-10-02,terang
0218100725.jpg,botol,2026-10-02,terang
0218100834.jpg,botol,2026-10-02,terang
0218100844.jpg,botol,2026-10-02,terang
0218100854.jpg,botol,2026-10-02,terang
0218101013.jpg,botol,2026-10-02,terang
0218101142.jpg,botol,2026-10-02,terang
0218101214.jpg,botol,2026-10-02,terang
0218101232.jpg,botol,2026-10-02,terang
0218101246.jpg,botol,2026-10-02,terang
0218101258.jpg,botol,2026-10-02,terang
0218101308.jpg,botol,2026-10-02,terang
0218101349.jpg,botol,2026-10-02,terang
0218101359.jpg,botol,2026-10-02,terang
0218101419.jpg,botol,2026-10-02,terang
0218101430.jpg,botol,2026-10-02,terang
0218102212.jpg,botol,2026-10-02,terang
0218102243.jpg,botol,2026-10-02,terang
0218102320.jpg,botol,2026-10-02,terang
0218102340.jpg,botol,2026-10-02,terang
0218102425.jpg,botol,2026-10-02,terang
0218102513.jpg,botol,2026-10-02,terang
0218102722.jpg,botol,2026-10-02,terang
cardboard108.jpg,box,tidak diketahui,tidak diketahui
cardboard11.jpg,box,tidak diketahui,tidak diketahui
cardboard110.jpg,box,tidak diketahui,tidak diketahui
cardboard114.jpg,box,tidak diketahui,tidak diketahui
cardboard116.jpg,box,tidak diketahui,tidak diketahui
cardboard12.jpg,box,tidak diketahui,tidak diketahui
cardboard148.jpg,box,tidak diketahui,tidak diketahui
cardboard151.jpg,box,tidak diketahui,tidak diketahui
cardboard162.jpg,box,tidak diketahui,tidak diketahui
cardboard189.jpg,box,tidak diketahui,tidak diketahui
cardboard196.jpg,box,tidak diketahui,tidak diketahui
cardboard198.jpg,box,tidak diketahui,tidak diketahui
cardboard2.jpg,box,tidak diketahui,tidak diketahui
cardboard201.jpg,box,tidak diketahui,tidak diketahui
cardboard209.jpg,box,tidak diketahui,tidak diketahui
cardboard21.jpg,box,tidak diketahui,tidak diketahui
cardboard216.jpg,box,tidak diketahui,tidak diketahui
cardboard223.jpg,box,tidak diketahui,tidak diketahui
cardboard227.jpg,box,tidak diketahui,tidak diketahui
cardboard229.jpg,box,tidak diketahui,tidak diketahui
cardboard231.jpg,box,tidak diketahui,tidak diketahui
cardboard247.jpg,box,tidak diketahui,tidak diketahui
cardboard253.jpg,box,tidak diketahui,tidak diketahui
cardboard285.jpg,box,tidak diketahui,tidak diketahui
cardboard289.jpg,box,tidak diketahui,tidak diketahui
cardboard291.jpg,box,tidak diketahui,tidak diketahui
cardboard294.jpg,box,tidak diketahui,tidak diketahui
cardboard298.jpg,box,tidak diketahui,tidak diketahui
cardboard313.jpg,box,tidak diketahui,tidak diketahui
cardboard33.jpg,box,tidak diketahui,tidak diketahui
cardboard330.jpg,box,tidak diketahui,tidak diketahui
cardboard334.jpg,box,tidak diketahui,tidak diketahui
cardboard335.jpg,box,tidak diketahui,tidak diketahui
cardboard339.jpg,box,tidak diketahui,tidak diketahui
cardboard340.jpg,box,tidak diketahui,tidak diketahui
cardboard341.jpg,box,tidak diketahui,tidak diketahui
cardboard346.jpg,box,tidak diketahui,tidak diketahui
cardboard365.jpg,box,tidak diketahui,tidak diketahui
cardboard369.jpg,box,tidak diketahui,tidak diketahui
cardboard371.jpg,box,tidak diketahui,tidak diketahui
cardboard392.jpg,box,tidak diketahui,tidak diketahui
cardboard398.jpg,box,tidak diketahui,tidak diketahui
cardboard403.jpg,box,tidak diketahui,tidak diketahui
cardboard46.jpg,box,tidak diketahui,tidak diketahui
cardboard51.jpg,box,tidak diketahui,tidak diketahui
cardboard56.jpg,box,tidak diketahui,tidak diketahui
cardboard59.jpg,box,tidak diketahui,tidak diketahui
cardboard61.jpg,box,tidak diketahui,tidak diketahui
cardboard69.jpg,box,tidak diketahui,tidak diketahui
cardboard7.jpg,box,tidak diketahui,tidak diketahui
